target_sku,section_name,category_name,question_tr,answer_tr,question_en,answer_en,url,article_id
Q2M-CM1000M,Q²M Compound,Q²M Collection,Polisaj kalıntısı nasıl çıkarılır?,Q²M Baldwipe/Polishwipe ve Q²M Prep ya da güvenli IPA seyreltisi sıkımı yardımıyla.,How to remove polishing residue? ,With aid of Q²M Baldwipe/Polishwipe and a spray of Q²M Prep or a safe dilution of IPA.,https://gyeon.zendesk.com/hc/en-us/articles/360000981377-How-to-remove-polishing-residue,360000981377
Q2M-CMPR1000M,Q²M Compound+ REDEFINED,Q²M Collection,Polisaj kalıntısı nasıl çıkarılır?,Q²M Baldwipe EVO/Polishwipe EVO ve Q²M Prep ya da güvenli IPA seyreltisi sıkımı yardımıyla.,How to remove polishing residue?,With aid of Q²M Baldwipe EVO /Polishwipe EVO and a spray of Q²M Prep or a safe dilution of IPA.,https://gyeon.zendesk.com/hc/en-us/articles/360000989678-How-to-remove-polishing-residue,360000989678
Q2M-PYA4000M,Q²M Prep,Q²M Collection,Q²M Prep boyama veya kaplamama zarar verir/değiştirir mi?,"Hayır, ancak alkol içeriği nedeniyle ürünün yüzeyde kurumasına izin vermemenizi öneririz.",Will Q²M Prep will damage/alter my paint work or coating ?,"No, however, due to its alcohol composition we recommend to not let it dry onto the surface.",https://gyeon.zendesk.com/hc/en-us/articles/360000962177-Will-Q-M-Prep-will-damage-alter-my-paint-work-or-coating,360000962177
Q2M-BPYA1000M,Q²M Bathe+,Q²M Collection,Açıldıktan sonra ürün nasıl saklanır? Raf ömrü ne kadardır?,"Pompayı kapalı konumda sabitleyin. Kuru, karanlık ve serin bir yerde saklayın. Lütfen donmasına izin vermeyin ve güneş ışığına maruz bırakmayın. Açıldıktan sonra 'kullanılabilir' raf ömrü 3 yıldır.",How to store the product after use? What is the shelf life once opened?,"Secure the dispenser in the closed position. Store it in a dry, dark, and cool place. Please do not allow it to freeze or expose it to sunlight. Once opened, it has a ""good-to-use"" shelf life of 3 years.",https://gyeon.zendesk.com/hc/en-us/articles/360000972698-How-to-store-the-product-after-use-What-is-the-shelf-life-once-opened,360000972698
Q2M-BYA4000M,Q²M Bathe,Q²M Collection,Açıldıktan sonra ürün nasıl saklanır? Raf ömrü ne kadardır?,"Pompayı kapalı konumda sabitleyin. Kuru, karanlık ve serin bir yerde saklayın. Lütfen donmasına izin vermeyin ve güneş ışığına maruz bırakmayın. Açıldıktan sonra 'kullanılabilir' raf ömrü 3 yıldır.",How to store the product after use? What is the shelf life once opened?,"Secure the dispenser in the closed position. Store it in a dry, dark, and cool place. Please do not allow it to freeze or expose it to sunlight. Once opened, it has a ""good-to-use"" shelf life of 3 years.",https://gyeon.zendesk.com/hc/en-us/articles/360000961437-How-to-store-the-product-after-use-What-is-the-shelf-life-once-opened,360000961437
Q2M-TR4000M,Q²M Tar REDEFINED,Q²M Collection,Q²M Tar REDEFINED boyama veya kaplamama zarar verir/değiştirir mi?,Ürünün kurumamasını şiddetle öneririz.,Will Q²M Tar REDEFINED will damage/alter my paint work or coating ?,We strongly recommend to not let the product dry out.,https://gyeon.zendesk.com/hc/en-us/articles/360000961277-Will-Q-M-Tar-REDEFINED-will-damage-alter-my-paint-work-or-coating,360000961277
Q2M-IR4000M,Q²M Iron REDEFINED,Q²M Collection,Q²M Iron REDEFINED sıktım ama mor renk görmüyorum — neden?,Aracınızda metal kontaminasyon yoksa solüsyon tepki vermez ve mor renge dönmez.,I sprayed Q²M Iron REDEFINED but I don’t see purple colour - Why ?,If there is no metal contamination present on your vehicle the solution will not react and turn purple.,https://gyeon.zendesk.com/hc/en-us/articles/360000961177-I-sprayed-Q-M-Iron-REDEFINED-but-I-don-t-see-purple-colour-Why,360000961177
_BRAND:gyeon:q2m_general,Q²M ClayBars,Q²M Collection,Açıldıktan sonra ürün nasıl saklanır? Raf ömrü ne kadardır?,Ürünü orijinal kabında sabitleyin — 15-30 °C arası sıcaklıkta karanlık ve kuru bir alanda saklayın. Lütfen donmasına izin vermeyin ve güneş ışığına maruz bırakmayın. Açıldıktan sonra 'kullanılabilir' raf ömrü 3 yıldır.,How to store the product after use? What is the shelf life once opened?,"Secure product in its original container - store in dark and dry area with a temperature between 15 - 30 degrees Celsius. Please do not allow it to freeze or expose it to sunlight. Once opened, it has a ""good-to-use"" shelf life of 3 years.",https://gyeon.zendesk.com/hc/en-us/articles/360000972078-How-to-store-the-product-after-use-What-is-the-shelf-life-once-opened,360000972078
Q2M-WSYA1000M,Q²M WaterSpot,Q²M Collection,Q²M WaterSpot'u durulamaktan sonra aracımda hâlâ defekt var — neden?,Bazı kontaminasyonlar optimum sonuç için birden fazla uygulama gerektirir.,After rinsing Q²M WaterSpot my car has still defect on it - Why ?,Some contamination will require multiple applications for optimum result.,https://gyeon.zendesk.com/hc/en-us/articles/360000971778-After-rinsing-Q-M-WaterSpot-my-car-has-still-defect-on-it-Why,360000971778
Q2M-BGYA1000M,Q²M Bug & Grime,Q²M Collection,Q²M Bug&Grime'ı durulamaktan sonra aracımda hâlâ böcek var — neden?,Bazı kontaminasyonlar optimum sonuç için birden fazla uygulama gerektirir.,After rinsing Q²M Bug&Grime my car has still bugs on it - Why ?,Some contamination will require multiple applications for optimum results.,https://gyeon.zendesk.com/hc/en-us/articles/360000959817-After-rinsing-Q-M-Bug-Grime-my-car-has-still-bugs-on-it-Why,360000959817
Q2M-FYA4000M,Q²M Foam,Q²M Collection,Foam-gun'um yoksa Q²M Foam'u başka nasıl uygulayabilirim?,Solüsyonu Foamer sprayer'da da uygulayabilirsiniz.,"If I don’t have a foam-gun , how can apply Q²M Foam in other-way ?",You can apply the solution in a Foamer sprayer as well.,https://gyeon.zendesk.com/hc/en-us/articles/360000971618-If-I-don-t-have-a-foam-gun-how-can-apply-Q-M-Foam-in-other-way,360000971618
Q2M-QDYA1000M,Q²M QuickDetailer,Q²M Collection,Üzerine ek kaplama uygulayabilir miyim?,Hayır.,Can I top it off with additional coating ?,No,https://gyeon.zendesk.com/hc/en-us/articles/360000971498-Can-I-top-it-off-with-additional-coating,360000971498
_BRAND:gyeon:q2m_general,Q²M MetalPolish,Q²M Collection,Açıldıktan sonra ürün nasıl saklanır? Raf ömrü ne kadardır?,"Pompayı kapalı konumda sabitleyin. Kuru, karanlık ve serin bir yerde saklayın. Lütfen donmasına izin vermeyin ve güneş ışığına maruz bırakmayın. Açıldıktan sonra 'kullanılabilir' raf ömrü 3 yıldır.",How to store the product after use? What is the shelf life once opened?,"Secure the dispenser in the closed position. Store it in a dry, dark, and cool place. Please do not allow it to freeze or expose it to sunlight. Once opened, it has a ""good-to-use"" shelf life of 3 years.",https://gyeon.zendesk.com/hc/en-us/articles/360000971218-How-to-store-the-product-after-use-What-is-the-shelf-life-once-opened,360000971218
Q2M-LCN1000M,Q²M LeatherCleaner Natural,Q²M Collection,Q²M LeatherCleaner Natural'ın pH seviyesi nedir?,Q²M LeatherCleaner Natural pH 7-8'dir.,What PH level is Q²M LeatherCleaner Natural ?,Q²M LeatherCleaner Natural is ph7-8,https://gyeon.zendesk.com/hc/en-us/articles/360000945838-What-PH-level-is-Q-M-LeatherCleaner-Natural,360000945838
Q2M-LCSYA1000M,Q²M LeatherCleaner Strong,Q²M Collection,Doğru uygulanmazsa iç mekana zarar verir mi?,Evet — lütfen kullanım kılavuzuna bakın.,Will it damage my interior if not apply properly ?,Yes - please refer to the instruction manual.,https://gyeon.zendesk.com/hc/en-us/articles/360000936557-Will-it-damage-my-interior-if-not-apply-properly,360000936557
Q2M-TEYA1000M,Q²M Tire Express,Q²M Collection,Ürünün kuruması ne kadar sürer?,15 dakika kurumaya bırakın.,How long the product needs to dry ?,Leave it to dry for 15 minutes.,https://gyeon.zendesk.com/hc/en-us/articles/360000942858-How-long-the-product-needs-to-dry,360000942858
Q2M-PPR1000M,Q²M PPF Renew,Q²M Collection,Açıldıktan sonra ürün nasıl saklanır? Raf ömrü ne kadardır?,"Pompayı kapalı konumda sabitleyin. Kuru, karanlık ve serin bir yerde saklayın. Lütfen donmasına izin vermeyin ve güneş ışığına maruz bırakmayın. Açıldıktan sonra 'kullanılabilir' raf ömrü 3 yıldır.",How to store the product after use? What is the shelf life once opened?,"Secure the dispenser in the closed position. Store it in a dry, dark, and cool place. Please do not allow it to freeze or expose it to sunlight. Once opened, it has a ""good-to-use"" shelf life of 3 years.",https://gyeon.zendesk.com/hc/en-us/articles/360000942218-How-to-store-the-product-after-use-What-is-the-shelf-life-once-opened,360000942218
_BRAND:gyeon:q2m_general,Q²M DeFrost,Q²M Collection,Q²M DeFrost boyama zarar verir/değiştirir mi?,"Hayır, Q²M DeFrost zarar vermez.",Will Q²M DeFrost will damage/alter my paintwork?,"No, Q²M DeFrost it won't cause any damage.",https://gyeon.zendesk.com/hc/en-us/articles/18581046026268-Will-Q-M-DeFrost-will-damage-alter-my-paintwork,18581046026268
Q2M-GPYA1000M,Q²M Glass+,Q²M Collection,Açıldıktan sonra ürün nasıl saklanır? Raf ömrü ne kadardır?,"Pompayı kapalı konumda sabitleyin. Kuru, karanlık ve serin bir yerde saklayın. Lütfen donmasına izin vermeyin ve güneş ışığına maruz bırakmayın. Açıldıktan sonra 'kullanılabilir' raf ömrü 3 yıldır.",How to store the product after use? What is the shelf life once opened?,"Secure the dispenser in the closed position. Store it in a dry, dark, and cool place. Please do not allow it to freeze or expose it to sunlight. Once opened, it has a ""good-to-use"" shelf life of 3 years.",https://gyeon.zendesk.com/hc/en-us/articles/18579465038748-How-to-store-the-product-after-use-What-is-the-shelf-life-once-opened,18579465038748
Q2M-EW1000M,Q²M ECOWash,Q²M Collection,Açıldıktan sonra ürün nasıl saklanır? Raf ömrü ne kadardır?,"Pompayı kapalı konumda sabitleyin. Kuru, karanlık ve serin bir yerde saklayın. Lütfen donmasına izin vermeyin ve güneş ışığına maruz bırakmayın. Açıldıktan sonra 'kullanılabilir' raf ömrü 3 yıldır.",How to store the product after use? What is the shelf life once opened?,"Secure the dispenser in the closed position. Store it in a dry, dark, and cool place. Please do not allow it to freeze or expose it to sunlight. Once opened, it has a ""good-to-use"" shelf life of 3 years.",https://gyeon.zendesk.com/hc/en-us/articles/18565630064924-How-to-store-the-product-after-use-What-is-the-shelf-life-once-opened,18565630064924
Q2M-TOTR1000M,Q²M TotalRemover,Q²M Collection,Açıldıktan sonra ürün nasıl saklanır? Raf ömrü ne kadardır?,"Pompayı kapalı konumda sabitleyin. Kuru, karanlık ve serin bir yerde saklayın. Lütfen donmasına izin vermeyin ve güneş ışığına maruz bırakmayın. Açıldıktan sonra 'kullanılabilir' raf ömrü 3 yıldır.",How to store the product after use? What is the shelf life once opened?,"Secure the dispenser in the closed position. Store it in a dry, dark, and cool place. Please do not allow it to freeze or expose it to sunlight. Once opened, it has a ""good-to-use"" shelf life of 3 years.",https://gyeon.zendesk.com/hc/en-us/articles/18564445259292-How-to-store-the-product-after-use-What-is-the-shelf-life-once-opened,18564445259292
Q2M-CDYA1000M,Q²M CeramicDetailer,Q²M Collection,Açıldıktan sonra ürün nasıl saklanır? Raf ömrü ne kadardır?,"Pompayı kapalı konumda sabitleyin. Kuru, karanlık ve serin bir yerde saklayın. Lütfen donmasına izin vermeyin ve güneş ışığına maruz bırakmayın. Açıldıktan sonra 'kullanılabilir' raf ömrü 3 yıldır.",How to store the product after use? What is the shelf life once opened?,"Secure the dispenser in the closed position. Store it in a dry, dark, and cool place. Please do not allow it to freeze or expose it to sunlight. Once opened, it has a ""good-to-use"" shelf life of 3 years.",https://gyeon.zendesk.com/hc/en-us/articles/18563960767900-How-to-store-the-product-after-use-What-is-the-shelf-life-once-opened,18563960767900
Q2M-IWCR4000M,Q²M Iron WheelCleaner REDEFINED,Q²M Collection,Q²M Iron WheelCleaner REDEFINED'i durulamaktan sonra jantlarımda hâlâ kir var — neden?,Bu solüsyon demir partiküllerini çıkarmak için tasarlanmıştır — mükemmel sonuç için jant yıkama prosedürüne devam etmeniz gerekir.,After rinsing Q²M Iron WheelCleaner REDEFINED my wheels have still dirt on it - Why ?,This solution is designed to remove Iron particles - You will need to proceed with wheel wash procedure for a perfect result.,https://gyeon.zendesk.com/hc/en-us/articles/5742110944785-After-rinsing-Q-M-Iron-WheelCleaner-REDEFINED-my-wheels-have-still-dirt-on-it-Why,5742110944785
Q2M-PPFMR500M,Q²M PPF Maintain REDEFINED,Q²M Collection,Üzerine ek kaplama uygulayabilir miyim?,Hayır.,Can I top it off with additional coating?,No.,https://gyeon.zendesk.com/hc/en-us/articles/360003986318-Can-I-top-it-off-with-additional-coating,360003986318
_BRAND:gyeon:q2m_general,Q²M Glass,Q²M Collection,Açıldıktan sonra ürün nasıl saklanır? Raf ömrü ne kadardır?,"Pompayı kapalı konumda sabitleyin. Kuru, karanlık ve serin bir yerde saklayın. Lütfen donmasına izin vermeyin ve güneş ışığına maruz bırakmayın. Açıldıktan sonra 'kullanılabilir' raf ömrü 3 yıldır.",How to store the product after use? What is the shelf life once opened?,"Secure the dispenser in the closed position. Store it in a dry, dark, and cool place. Please do not allow it to freeze or expose it to sunlight. Once opened, it has a ""good-to-use"" shelf life of 3 years.",https://gyeon.zendesk.com/hc/en-us/articles/360000982637-How-to-store-the-product-after-use-What-is-the-shelf-life-once-opened,360000982637
Q2M-CRYA250M,Q²M Cure REDEFINED,Q²M Collection,Q²M Cure REDEFINED çizgi izi bıraktı — neden?,Ürünün aşırı kullanımı high spot oluşumuna yol açar — ilgili paneli yıkayıp yeniden uygulayın.,Q²M Cure REDEFINED left streaks - Why ?,Overusing the product will result in high spot - Proceed with washing the panel concerned and re-apply.,https://gyeon.zendesk.com/hc/en-us/articles/360000991978-Q-M-Cure-REDEFINED-left-streaks-Why,360000991978
Q2M-CMR500M,Q²M Cure Matte REDEFINED,Q²M Collection,Üzerine ek kaplama uygulayabilir miyim?,Hayır.,Can I top it off with additional coating ?,No,https://gyeon.zendesk.com/hc/en-us/articles/360000991678-Can-I-top-it-off-with-additional-coating,360000991678
_BRAND:gyeon:q2m_general,Q²M WetCoat Essence,Q²M Collection,Açıldıktan sonra ürün nasıl saklanır? Raf ömrü ne kadardır?,"Pompayı kapalı konumda sabitleyin. Kuru, karanlık ve serin bir yerde saklayın. Lütfen donmasına izin vermeyin ve güneş ışığına maruz bırakmayın. Açıldıktan sonra 'kullanılabilir' raf ömrü 3 yıldır.",How to store the product after use? What is the shelf life once opened?,"Secure the dispenser in the closed position. Store it in a dry, dark, and cool place. Please do not allow it to freeze or expose it to sunlight. Once opened, it has a ""good-to-use"" shelf life of 3 years.",https://gyeon.zendesk.com/hc/en-us/articles/360000981897-How-to-store-the-product-after-use-What-is-the-shelf-life-once-opened,360000981897
Q2M-WCYA4000M,Q²M WetCoat,Q²M Collection,Açıldıktan sonra ürün nasıl saklanır? Raf ömrü ne kadardır?,"Pompayı kapalı konumda sabitleyin. Kuru, karanlık ve serin bir yerde saklayın. Lütfen donmasına izin vermeyin ve güneş ışığına maruz bırakmayın. Açıldıktan sonra 'kullanılabilir' raf ömrü 3 yıldır.",How to store the product after use? What is the shelf life once opened?,"Secure the dispenser in the closed position. Store it in a dry, dark, and cool place. Please do not allow it to freeze or expose it to sunlight. Once opened, it has a ""good-to-use"" shelf life of 3 years.",https://gyeon.zendesk.com/hc/en-us/articles/360000981677-How-to-store-the-product-after-use-What-is-the-shelf-life-once-opened,360000981677
Q2M-PO1000M,Q²M Polish,Q²M Collection,Plastik bir parçaya pasta sürdüm — nasıl çıkarırım?,Q²M Prep ile birden fazla kez silin.,I put some compound on a plastic part - How to remove it ?,Wipe multiple times with Q²M Prep,https://gyeon.zendesk.com/hc/en-us/articles/360000991178-I-put-some-compound-on-a-plastic-part-How-to-remove-it,360000991178
Q2M-CM1000M,Q²M Compound,Q²M Collection,Plastik bir parçaya pasta sürdüm — nasıl çıkarırım?,Q²M Prep ile birden fazla kez silin.,I put some compound on a plastic part - How to remove it ?,Wipe multiple times with Q²M Prep,https://gyeon.zendesk.com/hc/en-us/articles/360000990958-I-put-some-compound-on-a-plastic-part-How-to-remove-it,360000990958
Q2M-CMPR1000M,Q²M Compound+ REDEFINED,Q²M Collection,Plastik bir parçaya pasta sürdüm — nasıl çıkarırım?,Q²M Prep ile birden fazla kez silin.,I put some compound on a plastic part - How to remove it ?,Wipe multiple times with Q²M Prep,https://gyeon.zendesk.com/hc/en-us/articles/360000989698-I-put-some-compound-on-a-plastic-part-How-to-remove-it,360000989698
Q2M-PYA4000M,Q²M Prep,Q²M Collection,Açıldıktan sonra ürün nasıl saklanır? Raf ömrü ne kadardır?,"Pompayı kapalı konumda sabitleyin. Kuru, karanlık ve serin bir yerde saklayın. Lütfen donmasına izin vermeyin ve güneş ışığına maruz bırakmayın. Açıldıktan sonra 'kullanılabilir' raf ömrü 3 yıldır.",How to store the product after use? What is the shelf life once opened?,"Secure the dispenser in the closed position. Store it in a dry, dark, and cool place. Please do not allow it to freeze or expose it to sunlight. Once opened, it has a ""good-to-use"" shelf life of 3 years.",https://gyeon.zendesk.com/hc/en-us/articles/360000962157-How-to-store-the-product-after-use-What-is-the-shelf-life-once-opened,360000962157
Q2M-TR4000M,Q²M Tar REDEFINED,Q²M Collection,Q²M Tar REDEFINED'i durulamaktan sonra hâlâ boyamda kontaminasyon hissediyorum — neden?,Bazı kontaminasyonlar optimum sonuç için birden fazla uygulama gerektirir.,After rinsing Q²M Tar REDEFINED I still feel my paint contamination - Why ?,Some contamination will require multiple applications for optimum results.,https://gyeon.zendesk.com/hc/en-us/articles/360000961297-After-rinsing-Q-M-Tar-REDEFINED-I-still-feel-my-paint-contamination-Why,360000961297
Q2M-IR4000M,Q²M Iron REDEFINED,Q²M Collection,Q²M Iron REDEFINED'i durulamaktan sonra jantlarımda hâlâ kir var — neden?,Bu solüsyon demir partiküllerini çıkarmak için tasarlanmıştır — mükemmel sonuç için jant yıkama prosedürüne devam etmeniz gerekir.,After rinsing Q²M Iron REDEFINED my wheels have still dirt on it - Why ?,This solution is designed to remove Iron particles - You will need to proceed with wheel wash procedure for a perfect result.,https://gyeon.zendesk.com/hc/en-us/articles/360000972338-After-rinsing-Q-M-Iron-REDEFINED-my-wheels-have-still-dirt-on-it-Why,360000972338
Q2M-WSYA1000M,Q²M WaterSpot,Q²M Collection,Açıldıktan sonra ürün nasıl saklanır? Raf ömrü ne kadardır?,"Pompayı kapalı konumda sabitleyin. Kuru, karanlık ve serin bir yerde saklayın. Lütfen donmasına izin vermeyin ve güneş ışığına maruz bırakmayın. Açıldıktan sonra 'kullanılabilir' raf ömrü 3 yıldır.",How to store the product after use? What is the shelf life once opened?,"Secure the dispenser in the closed position. Store it in a dry, dark, and cool place. Please do not allow it to freeze or expose it to sunlight. Once opened, it has a ""good-to-use"" shelf life of 3 years.",https://gyeon.zendesk.com/hc/en-us/articles/360000959897-How-to-store-the-product-after-use-What-is-the-shelf-life-once-opened,360000959897
Q2M-BGYA1000M,Q²M Bug & Grime,Q²M Collection,Q²M Bug&Grime boyama veya kaplamama zarar verir/değiştirir mi?,Hayır — bu solüsyon kaplama ve wax güvenlidir.,Will Q²M Bug&Grime will damage/alter my paint work or coating ?,No - This solution is coating and wax safe.,https://gyeon.zendesk.com/hc/en-us/articles/360000971698-Will-Q-M-Bug-Grime-will-damage-alter-my-paint-work-or-coating,360000971698
Q2M-FYA4000M,Q²M Foam,Q²M Collection,Açıldıktan sonra ürün nasıl saklanır? Raf ömrü ne kadardır?,"Pompayı kapalı konumda sabitleyin. Kuru, karanlık ve serin bir yerde saklayın. Lütfen donmasına izin vermeyin ve güneş ışığına maruz bırakmayın. Açıldıktan sonra 'kullanılabilir' raf ömrü 3 yıldır.",How to store the product after use? What is the shelf life once opened?,"Secure the dispenser in the closed position. Store it in a dry, dark, and cool place. Please do not allow it to freeze or expose it to sunlight. Once opened, it has a ""good-to-use"" shelf life of 3 years.",https://gyeon.zendesk.com/hc/en-us/articles/360000959677-How-to-store-the-product-after-use-What-is-the-shelf-life-once-opened,360000959677
Q2M-QDYA1000M,Q²M QuickDetailer,Q²M Collection,Açıldıktan sonra ürün nasıl saklanır? Raf ömrü ne kadardır?,"Pompayı kapalı konumda sabitleyin. Kuru, karanlık ve serin bir yerde saklayın. Lütfen donmasına izin vermeyin ve güneş ışığına maruz bırakmayın. Açıldıktan sonra 'kullanılabilir' raf ömrü 3 yıldır.",How to store the product after use? What is the shelf life once opened?,"Secure the dispenser in the closed position. Store it in a dry, dark, and cool place. Please do not allow it to freeze or expose it to sunlight. Once opened, it has a ""good-to-use"" shelf life of 3 years.",https://gyeon.zendesk.com/hc/en-us/articles/360000959517-How-to-store-the-product-after-use-What-is-the-shelf-life-once-opened,360000959517
Q2M-LCN1000M,Q²M LeatherCleaner Natural,Q²M Collection,Üzerine ek kaplama uygulayabilir miyim?,"Evet, Q² LeatherCoat REDEFINED (Q²M LeatherSet'te bulunur) veya Q² LeatherShield EVO uygulamanızı öneririz.",Can I top it off with additional coating ?,Yes we recommend applying Q² LeatherCoat REDEFINED (present in Q²M LeatherSet) or Q² LeatherShield EVO,https://gyeon.zendesk.com/hc/en-us/articles/360000945738-Can-I-top-it-off-with-additional-coating,360000945738
Q2M-LCSYA1000M,Q²M LeatherCleaner Strong,Q²M Collection,Üzerine ek kaplama uygulayabilir miyim?,"Evet, Q² LeatherCoat REDEFINED (Q²M LeatherSet'te bulunur) veya Q² LeatherShield EVO uygulamanızı öneririz.",Can I top it off with additional coating ?,Yes we recommend applying Q² LeatherCoat REDEFINED (present in Q²M LeatherSet) or Q² LeatherShield EVO,https://gyeon.zendesk.com/hc/en-us/articles/360000936477-Can-I-top-it-off-with-additional-coating,360000936477
Q2M-TEYA1000M,Q²M Tire Express,Q²M Collection,Çıkarılabilir mi?,"Evet, Q²M TireCleaner kullanarak.",Can it be removed ?,"Yes, with the use of Q²M TireCleaner",https://gyeon.zendesk.com/hc/en-us/articles/360000934177-Can-it-be-removed,360000934177
_BRAND:gyeon:q2m_general,Q²M DeFrost,Q²M Collection,Açıldıktan sonra ürün nasıl saklanır? Raf ömrü ne kadardır?,"Pompayı kapalı konumda sabitleyin. Kuru, karanlık ve serin bir yerde saklayın. Lütfen donmasına izin vermeyin ve güneş ışığına maruz bırakmayın. Açıldıktan sonra 'kullanılabilir' raf ömrü 3 yıldır.",How to store the product after use? What is the shelf life once opened?,"Secure the dispenser in the closed position. Store it in a dry, dark, and cool place. Please do not allow it to freeze or expose it to sunlight. Once opened, it has a ""good-to-use"" shelf life of 3 years.",https://gyeon.zendesk.com/hc/en-us/articles/18580547329436-How-to-store-the-product-after-use-What-is-the-shelf-life-once-opened,18580547329436
Q2M-IWCR4000M,Q²M Iron WheelCleaner REDEFINED,Q²M Collection,Q²M Iron WheelCleaner REDEFINED boyama veya kaplamama zarar verir/değiştirir mi?,Hayır — Q²M Iron WheelCleaner REDEFINED'i kurumaya bırakmayın.,Will Q²M Iron WheelCleaner REDEFINED will damage/alter my paint work or coating ?,No - Do not let Q²M Iron WheelCleaner REDEFINED dry out.,https://gyeon.zendesk.com/hc/en-us/articles/5741589985553-Will-Q-M-Iron-WheelCleaner-REDEFINED-will-damage-alter-my-paint-work-or-coating,5741589985553
Q2M-PPFMR500M,Q²M PPF Maintain REDEFINED,Q²M Collection,Q²M PPF Maintain REDEFINED çizgi izi bıraktı — neden?,Ürünün aşırı kullanımı high spot oluşumuna yol açar — ilgili paneli yıkayıp yeniden uygulayın.,Q²M PPF Maintain REDEFINED left streaks - Why?,Overusing the product will result in high spot - Proceed with washing the panel concerned and re-apply.,https://gyeon.zendesk.com/hc/en-us/articles/360003986418-Q-M-PPF-Maintain-REDEFINED-left-streaks-Why,360003986418
Q2M-CRYA250M,Q²M Cure REDEFINED,Q²M Collection,Bu ürünle kaplı bir araç nasıl bakım görür?,"Normal yıkama rutininizde Q²M Bathe+ ve Q²M WetCoat kullanmanızı öneririz. Bu ürün, pH 4 ile 9 arası kimyasallara dirençli olarak tasarlanmıştır.",How to maintain a vehicle coated with that product ?,We recommend the use of Q²M Bathe+ and Q²M Wetcoat during your normal wash routine. This product is designed to resist chemicals ph. within 4 to 9.,https://gyeon.zendesk.com/hc/en-us/articles/360000991958-How-to-maintain-a-vehicle-coated-with-that-product,360000991958
Q2M-CMR500M,Q²M Cure Matte REDEFINED,Q²M Collection,Q²M Cure Matte REDEFINED çizgi izi bıraktı — neden?,Ürünün aşırı kullanımı high spot oluşumuna yol açar — ilgili paneli yıkayıp yeniden uygulayın.,Q²M Cure Matte REDEFINED left streaks - Why ?,Overusing the product will result in high spot - Proceed with washing the panel concerned and re-apply.,https://gyeon.zendesk.com/hc/en-us/articles/360000991698-Q-M-Cure-Matte-REDEFINED-left-streaks-Why,360000991698
Q2M-PO1000M,Q²M Polish,Q²M Collection,Açıldıktan sonra ürün nasıl saklanır? Raf ömrü ne kadardır?,"Pompayı kapalı konumda sabitleyin. Kuru, karanlık ve serin bir yerde saklayın. Lütfen donmasına izin vermeyin ve güneş ışığına maruz bırakmayın. Açıldıktan sonra 'kullanılabilir' raf ömrü 3 yıldır.",How to store the product after use? What is the shelf life once opened?,"Secure the dispenser in the closed position. Store it in a dry, dark, and cool place. Please do not allow it to freeze or expose it to sunlight. Once opened, it has a ""good-to-use"" shelf life of 3 years.",https://gyeon.zendesk.com/hc/en-us/articles/360000981537-How-to-store-the-product-after-use-What-is-the-shelf-life-once-opened,360000981537
Q2M-CM1000M,Q²M Compound,Q²M Collection,Açıldıktan sonra ürün nasıl saklanır? Raf ömrü ne kadardır?,"Pompayı kapalı konumda sabitleyin. Kuru, karanlık ve serin bir yerde saklayın. Lütfen donmasına izin vermeyin ve güneş ışığına maruz bırakmayın. Açıldıktan sonra 'kullanılabilir' raf ömrü 3 yıldır.",How to store the product after use? What is the shelf life once opened?,"Secure the dispenser in the closed position. Store it in a dry, dark, and cool place. Please do not allow it to freeze or expose it to sunlight. Once opened, it has a ""good-to-use"" shelf life of 3 years.",https://gyeon.zendesk.com/hc/en-us/articles/360000990878-How-to-store-the-product-after-use-What-is-the-shelf-life-once-opened,360000990878
Q2M-CMPR1000M,Q²M Compound+ REDEFINED,Q²M Collection,Açıldıktan sonra ürün nasıl saklanır? Raf ömrü ne kadardır?,"Pompayı kapalı konumda sabitleyin. Kuru, karanlık ve serin bir yerde saklayın. Lütfen donmasına izin vermeyin ve güneş ışığına maruz bırakmayın. Açıldıktan sonra 'kullanılabilir' raf ömrü 3 yıldır.",How to store the product after use? What is the shelf life once opened?,"Secure the dispenser in the closed position. Store it in a dry, dark, and cool place. Please do not allow it to freeze or expose it to sunlight. Once opened, it has a ""good-to-use"" shelf life of three years.",https://gyeon.zendesk.com/hc/en-us/articles/360000989658-How-to-store-the-product-after-use-What-is-the-shelf-life-once-opened,360000989658
Q2M-TR4000M,Q²M Tar REDEFINED,Q²M Collection,Q²M Tar REDEFINED sıktım ama kahverengi renk görmüyorum — neden?,Aracınızda zift kontaminasyonu yoksa solüsyon tepki vermez ve kahverengiye dönmez.,I sprayed Q²M Tar REDEFINED but I don’t see brown colour - Why ?,If there is no tar contamination present on your vehicle the solution will not react and turn brown.,https://gyeon.zendesk.com/hc/en-us/articles/360000961337-I-sprayed-Q-M-Tar-REDEFINED-but-I-don-t-see-brown-colour-Why,360000961337
Q2M-IR4000M,Q²M Iron REDEFINED,Q²M Collection,Q²M Iron REDEFINED boyama veya kaplamama zarar verir/değiştirir mi?,Hayır — Q²M Iron REDEFINED'i kurumaya bırakmayın.,Will Q²M Iron REDEFINED will damage/alter my paint work or coating ?,No - do not let Q²M Iron REDEFINED dry out.,https://gyeon.zendesk.com/hc/en-us/articles/360000961137-Will-Q-M-Iron-REDEFINED-will-damage-alter-my-paint-work-or-coating,360000961137
Q2M-BGYA1000M,Q²M Bug & Grime,Q²M Collection,Açıldıktan sonra ürün nasıl saklanır? Raf ömrü ne kadardır?,"Pompayı kapalı konumda sabitleyin. Kuru, karanlık ve serin bir yerde saklayın. Lütfen donmasına izin vermeyin ve güneş ışığına maruz bırakmayın. Açıldıktan sonra 'kullanılabilir' raf ömrü 3 yıldır.",How to store the product after use? What is the shelf life once opened?,"Secure the dispenser in the closed position. Store it in a dry, dark, and cool place. Please do not allow it to freeze or expose it to sunlight. Once opened, it has a ""good-to-use"" shelf life of 3 years.",https://gyeon.zendesk.com/hc/en-us/articles/360000959777-How-to-store-the-product-after-use-What-is-the-shelf-life-once-opened,360000959777
Q2M-LCN1000M,Q²M LeatherCleaner Natural,Q²M Collection,Ürünün kuruması ne kadar sürer?,Uygulandıktan sonra temizleyici kalıntısını çıkardığınızdan emin olun. Kuruma süresi gerekmez.,How long the product needs to dry ?,Once applied make sure to remove any residue from the cleaner. No drying time required.,https://gyeon.zendesk.com/hc/en-us/articles/360000945778-How-long-the-product-needs-to-dry,360000945778
Q2M-LCSYA1000M,Q²M LeatherCleaner Strong,Q²M Collection,Q²M LeatherCleaner Strong'un pH seviyesi nedir?,Q²M LeatherCleaner Strong pH 10'dur.,What PH level is Q²M LeatherCleaner Strong ?,Q²M LeatherCleaner Strong is ph10,https://gyeon.zendesk.com/hc/en-us/articles/360000945518-What-PH-level-is-Q-M-LeatherCleaner-Strong,360000945518
Q2M-TEYA1000M,Q²M Tire Express,Q²M Collection,Üzerine ek kaplama uygulayabilir miyim?,Hayır.,Can I top it off with an additional coating ?,No,https://gyeon.zendesk.com/hc/en-us/articles/360000942818-Can-I-top-it-off-with-an-additional-coating,360000942818
Q2M-IWCR4000M,Q²M Iron WheelCleaner REDEFINED,Q²M Collection,Açıldıktan sonra ürün nasıl saklanır? Raf ömrü ne kadardır?,"Pompayı kapalı konumda sabitleyin. Kuru, karanlık ve serin bir yerde saklayın. Lütfen donmasına izin vermeyin ve güneş ışığına maruz bırakmayın. Açıldıktan sonra 'kullanılabilir' raf ömrü 3 yıldır.",How to store the product after use? What is the shelf life once opened?,"Secure the dispenser in the closed position. Store it in a dry, dark, and cool place. Please do not allow it to freeze or expose it to sunlight. Once opened, it has a ""good-to-use"" shelf life of 3 years.",https://gyeon.zendesk.com/hc/en-us/articles/5741584497041-How-to-store-the-product-after-use-What-is-the-shelf-life-once-opened,5741584497041
Q2M-PPFMR500M,Q²M PPF Maintain REDEFINED,Q²M Collection,Açıldıktan sonra ürün nasıl saklanır? Raf ömrü ne kadardır?,"Pompayı kapalı konumda sabitleyin. Kuru, karanlık ve serin bir yerde saklayın. Lütfen donmasına izin vermeyin ve güneş ışığına maruz bırakmayın. Açıldıktan sonra 'kullanılabilir' raf ömrü 3 yıldır.",How to store the product after use? What is the shelf life once opened?,"Secure the dispenser in the closed position. Store it in a dry, dark, and cool place. Please do not allow it to freeze or expose it to sunlight. Once opened, it has a ""good-to-use"" shelf life of 3 years.",https://gyeon.zendesk.com/hc/en-us/articles/360003986238-How-to-store-the-product-after-use-What-is-the-shelf-life-once-opened,360003986238
Q2M-CRYA250M,Q²M Cure REDEFINED,Q²M Collection,Açıldıktan sonra ürün nasıl saklanır? Raf ömrü ne kadardır?,"Pompayı kapalı konumda sabitleyin. Kuru, karanlık ve serin bir yerde saklayın. Lütfen donmasına izin vermeyin ve güneş ışığına maruz bırakmayın. Açıldıktan sonra 'kullanılabilir' raf ömrü 3 yıldır.",How to store the product after use? What is the shelf life once opened?,"Secure the dispenser in the closed position. Store it in a dry, dark, and cool place. Please do not allow it to freeze or expose it to sunlight. Once opened, it has a ""good-to-use"" shelf life of 3 years.",https://gyeon.zendesk.com/hc/en-us/articles/360000982537-How-to-store-the-product-after-use-What-is-the-shelf-life-once-opened,360000982537
Q2M-CMR500M,Q²M Cure Matte REDEFINED,Q²M Collection,Açıldıktan sonra ürün nasıl saklanır? Raf ömrü ne kadardır?,"Pompayı kapalı konumda sabitleyin. Kuru, karanlık ve serin bir yerde saklayın. Lütfen donmasına izin vermeyin ve güneş ışığına maruz bırakmayın. Açıldıktan sonra 'kullanılabilir' raf ömrü 3 yıldır.",How to store the product after use? What is the shelf life once opened?,"Secure the dispenser in the closed position. Store it in a dry, dark, and cool place. Please do not allow it to freeze or expose it to sunlight. Once opened, it has a ""good-to-use"" shelf life of 3 years.",https://gyeon.zendesk.com/hc/en-us/articles/360000982257-How-to-store-the-product-after-use-What-is-the-shelf-life-once-opened,360000982257
Q2M-TR4000M,Q²M Tar REDEFINED,Q²M Collection,Açıldıktan sonra ürün nasıl saklanır? Raf ömrü ne kadardır?,"Pompayı kapalı konumda sabitleyin. Kuru, karanlık ve serin bir yerde saklayın. Lütfen donmasına izin vermeyin ve güneş ışığına maruz bırakmayın. Açıldıktan sonra 'kullanılabilir' raf ömrü 3 yıldır.",How to store the product after use? What is the shelf life once opened?,"Secure the dispenser in the closed position. Store it in a dry, dark, and cool place. Please do not allow it to freeze or expose it to sunlight. Once opened, it has a ""good-to-use"" shelf life of 3 years.",https://gyeon.zendesk.com/hc/en-us/articles/360000961257-How-to-store-the-product-after-use-What-is-the-shelf-life-once-opened,360000961257
Q2M-IR4000M,Q²M Iron REDEFINED,Q²M Collection,Açıldıktan sonra ürün nasıl saklanır? Raf ömrü ne kadardır?,"Pompayı kapalı konumda sabitleyin. Kuru, karanlık ve serin bir yerde saklayın. Lütfen donmasına izin vermeyin ve güneş ışığına maruz bırakmayın. Açıldıktan sonra 'kullanılabilir' raf ömrü 3 yıldır.",How to store the product after use? What is the shelf life once opened?,"Secure the dispenser in the closed position. Store it in a dry, dark, and cool place. Please do not allow it to freeze or expose it to sunlight. Once opened, it has a ""good-to-use"" shelf life of 3 years.",https://gyeon.zendesk.com/hc/en-us/articles/360000961117-How-to-store-the-product-after-use-What-is-the-shelf-life-once-opened,360000961117
Q2M-LCN1000M,Q²M LeatherCleaner Natural,Q²M Collection,Açıldıktan sonra ürün nasıl saklanır? Raf ömrü ne kadardır?,"Pompayı kapalı konumda sabitleyin. Kuru, karanlık ve serin bir yerde saklayın. Lütfen donmasına izin vermeyin ve güneş ışığına maruz bırakmayın. Açıldıktan sonra 'kullanılabilir' raf ömrü 3 yıldır.",How to store the product after use? What is the shelf life once opened?,"Secure the dispenser in the closed position. Store it in a dry, dark, and cool place. Please do not allow it to freeze or expose it to sunlight. Once opened, it has a ""good-to-use"" shelf life of 3 years.",https://gyeon.zendesk.com/hc/en-us/articles/360000945598-How-to-store-the-product-after-use-What-is-the-shelf-life-once-opened,360000945598
Q2M-LCSYA1000M,Q²M LeatherCleaner Strong,Q²M Collection,Açıldıktan sonra ürün nasıl saklanır? Raf ömrü ne kadardır?,"Pompayı kapalı konumda sabitleyin. Kuru, karanlık ve serin bir yerde saklayın. Lütfen donmasına izin vermeyin ve güneş ışığına maruz bırakmayın. Açıldıktan sonra 'kullanılabilir' raf ömrü 3 yıldır.",How to store the product after use? What is the shelf life once opened?,"Secure the dispenser in the closed position. Store it in a dry, dark, and cool place. Please do not allow it to freeze or expose it to sunlight. Once opened, it has a ""good-to-use"" shelf life of 3 years.",https://gyeon.zendesk.com/hc/en-us/articles/360000934557-How-to-store-the-product-after-use-What-is-the-shelf-life-once-opened,360000934557
Q2M-TEYA1000M,Q²M Tire Express,Q²M Collection,Açıldıktan sonra ürün nasıl saklanır? Raf ömrü ne kadardır?,"Pompayı kapalı konumda sabitleyin. Kuru, karanlık ve serin bir yerde saklayın. Lütfen donmasına izin vermeyin ve güneş ışığına maruz bırakmayın. Açıldıktan sonra 'kullanılabilir' raf ömrü 3 yıldır.",How to store the product after use? What is the shelf life once opened?,"Secure the dispenser in the closed position. Store it in a dry, dark, and cool place. Please do not allow it to freeze or expose it to sunlight. Once opened, it has a ""good-to-use"" shelf life of 3 years.",https://gyeon.zendesk.com/hc/en-us/articles/360000934117-How-to-store-the-product-after-use-What-is-the-shelf-life-once-opened,360000934117
Q2M-BL,Q²M Wheel Brush,Q²M Accessories Collection,Bu ürün nedir?,"Tüm jantlarınızı, özellikle ulaşılması zor yerleri temizlemek için nihai çözümdür.",What is it ?,"It's the ultimate solution for cleaning all of your wheels, especially those hard-to-reach places.",https://gyeon.zendesk.com/hc/en-us/articles/360001013298-What-is-it,360001013298
Q2M-SEP1010C,Q²M Suede EVO,Q²M Accessories Collection,Ürün nasıl yıkanır/bakım görür?,"Çamaşır makinesinde, en fazla 30 °C'de Q²M TowelWash deterjanı eklenerek yıkanabilir. Tumble dry yapmayın. Ütülemeyin. Çamaşır suyu kullanmayın.",How to wash/maintain the product ?,"It can be Machine washed, at maximum 30’C with added Q²M TowelWash as detergent. Do not tumble dry. Do not iron. Do not bleach.",https://gyeon.zendesk.com/hc/en-us/articles/360001004397-How-to-wash-maintain-the-product,360001004397
Q2M-SEP1010C,Q²M Suede EVO,Q²M Accessories Collection,Nasıl kullanılır?,Foam aplikatörümüzle kullanmanızı öneririz.,How to use it ?,Recommended using it with our foam applicator.,https://gyeon.zendesk.com/hc/en-us/articles/360001004337-How-to-use-it,360001004337
Q2M-SEP1010C,Q²M Suede EVO,Q²M Accessories Collection,Bu ürün nedir?,"Boyanızın bitişine zarar vermeden kaplama uygulamak için mükemmel, kenarsız ultra-yumuşak bir süettir.",What is it ?,It's an edgeless ultra-soft suede perfect to apply a coating without damaging the finish of your paint.,https://gyeon.zendesk.com/hc/en-us/articles/360001004077-What-is-it,360001004077
Q2M-PWE4040C,Q²M PolishWipe EVO,Q²M Accessories Collection,Ürün nasıl yıkanır/bakım görür?,"Çamaşır makinesinde, en fazla 30 °C'de Q²M TowelWash deterjanı eklenerek yıkanabilir. Tumble dry yapmayın. Ütülemeyin. Çamaşır suyu kullanmayın.",How to wash/maintain the product ?,"It can be Machine washed, at maximum 30’C with added Q²M TowelWash as detergent. Do not tumble dry. Do not iron. Do not bleach.",https://gyeon.zendesk.com/hc/en-us/articles/360001012478-How-to-wash-maintain-the-product,360001012478
Q2M-PWE4040C,Q²M PolishWipe EVO,Q²M Accessories Collection,Nasıl kullanılır?,Üründen kalan fazlayı çıkarmak için aracınızın yüzeyini havlu ile silin/parlatın.,How to use it ?,Wipe/Buff the surface of your vehicle with the towel to remove the remaining excess of product.,https://gyeon.zendesk.com/hc/en-us/articles/360001012358-How-to-use-it,360001012358
Q2M-PWE4040C,Q²M PolishWipe EVO,Q²M Accessories Collection,Bu ürün nedir?,"Boyanızın bitişine zarar vermeden cila kalıntılarını çıkarmak için mükemmel, kenarsız yumuşak ve etkili bir mikrofiberdir.",What is it ?,It's an edgeless soft and effective microfibre perfect for removing excess of polishes without damaging the finish of your paint.,https://gyeon.zendesk.com/hc/en-us/articles/360001003677-What-is-it,360001003677
Q2M-BWE4040,Q²M BaldWipe EVO,Q²M Accessories Collection,Ürün nasıl yıkanır/bakım görür?,"Çamaşır makinesinde, en fazla 30 °C'de Q²M TowelWash deterjanı eklenerek yıkanabilir. Tumble dry yapmayın. Ütülemeyin. Çamaşır suyu kullanmayın.",How to wash/maintain the product ?,"It can be Machine washed, at maximum 30’C with added Q²M TowelWash as detergent. Do not tumble dry. Do not iron. Do not bleach.",https://gyeon.zendesk.com/hc/en-us/articles/360001012178-How-to-wash-maintain-the-product,360001012178
Q2M-BWE4040,Q²M BaldWipe EVO,Q²M Accessories Collection,Nasıl kullanılır?,Üründen kalan fazlayı çıkarmak için aracınızın yüzeyini havlu ile silin/parlatın.,How to use it ?,Wipe/Buff the surface of your vehicle with the towel to remove the remaining excess of product.,https://gyeon.zendesk.com/hc/en-us/articles/360001011998-How-to-use-it,360001011998
Q2M-BWE4040,Q²M BaldWipe EVO,Q²M Accessories Collection,Bu ürün nedir?,"Boyanızın bitişine zarar vermeden kaplama veya sealant kalıntısını çıkarmak için mükemmel, kenarsız yumuşak ve etkili bir mikrofiberdir.",What is it ?,It's an edgeless soft and effective microfibre perfect for removing excess of coating or sealant without damaging the finish of your paint.,https://gyeon.zendesk.com/hc/en-us/articles/360001003417-What-is-it,360001003417
Q2M-SWE4040C,Q²M SoftWipe EVO,Q²M Accessories Collection,Ürün nasıl yıkanır/bakım görür?,"Çamaşır makinesinde, en fazla 30 °C'de Q²M TowelWash deterjanı eklenerek yıkanabilir. Tumble dry yapmayın. Ütülemeyin. Çamaşır suyu kullanmayın.",How to wash/maintain the product ?,"It can be Machine washed, at maximum 30’C with added Q²M TowelWash as detergent. Do not tumble dry. Do not iron. Do not bleach.",https://gyeon.zendesk.com/hc/en-us/articles/360001003357-How-to-wash-maintain-the-product,360001003357
Q2M-SWE4040C,Q²M SoftWipe EVO,Q²M Accessories Collection,Nasıl kullanılır?,Üründen kalan fazlayı çıkarmak için aracınızın yüzeyini havlu ile silin/parlatın.,How to use it ?,Wipe/Buff the surface of your vehicle with the towel to remove the remaining excess of product.,https://gyeon.zendesk.com/hc/en-us/articles/360001003277-How-to-use-it,360001003277
Q2M-SWE4040C,Q²M SoftWipe EVO,Q²M Accessories Collection,Bu ürün nedir?,"Boyanızın bitişine zarar vermeden kaplama veya sealant kalıntısını çıkarmak için mükemmel, ultra-yumuşak bir bitiş mikrofiberidir.",What is it ?,It's an ultra-soft finishing microfibre perfect for removing excess of coating or sealant without damaging the finish of your paint.,https://gyeon.zendesk.com/hc/en-us/articles/360001011838-What-is-it,360001011838
Q2M-WD4060C,Q²M WaffleDryer EVO,Q²M Accessories Collection,Ürün nasıl yıkanır/bakım görür?,"Çamaşır makinesinde, en fazla 30 °C'de Q²M TowelWash deterjanı eklenerek yıkanabilir. Tumble dry yapmayın. Ütülemeyin. Çamaşır suyu kullanmayın.",How to wash/maintain the product ?,"It can be Machine washed, at maximum 30’C with added Q²M TowelWash as detergent. Do not tumble dry. Do not iron. Do not bleach.",https://gyeon.zendesk.com/hc/en-us/articles/360001003037-How-to-wash-maintain-the-product,360001003037
Q2M-WD4060C,Q²M WaffleDryer EVO,Q²M Accessories Collection,Nasıl kullanılır?,Yıkama işleminizden sonra kalan suyu çıkarmak için aracınızın ıslak yüzeyini havlu ile silin.,How to use it ?,Wipe the surface of your wet vehicle with the towel to remove the remaining water after your wash process.,https://gyeon.zendesk.com/hc/en-us/articles/360001011478-How-to-use-it,360001011478
Q2M-WD4060C,Q²M WaffleDryer EVO,Q²M Accessories Collection,Bu ürün nedir?,Yıkama rutininizden sonra aracınızın kurutma sürecini güvenli ve etkili şekilde tamamlamak üzere tasarlanmış emici bir kurulama klasik mikrofiberidir.,What is it ?,It's an absorbent drying classic microfibre design to safely and effectively finish the drying process of your vehicle after your wash routine.,https://gyeon.zendesk.com/hc/en-us/articles/360001002957-What-is-it,360001002957
Q2M-SODE6080C,Q²M SoftDryer EVO,Q²M Accessories Collection,Ürün nasıl yıkanır/bakım görür?,"Çamaşır makinesinde, en fazla 30 °C'de Q²M TowelWash deterjanı eklenerek yıkanabilir. Tumble dry yapmayın. Ütülemeyin. Çamaşır suyu kullanmayın.",How to wash/maintain the product ?,"It can be Machine washed, at maximum 30’C with added Q²M TowelWash as detergent. Do not tumble dry. Do not iron. Do not bleach.",https://gyeon.zendesk.com/hc/en-us/articles/360001011458-How-to-wash-maintain-the-product,360001011458
Q2M-SODE6080C,Q²M SoftDryer EVO,Q²M Accessories Collection,Nasıl kullanılır?,Yıkama işleminizden sonra kalan suyu çıkarmak için aracınızın ıslak yüzeyini havlu ile silin.,How to use it ?,Wipe the surface of your wet vehicle with the towel to remove the remaining water after your wash process.,https://gyeon.zendesk.com/hc/en-us/articles/360001002937-How-to-use-it,360001002937
Q2M-SODE6080C,Q²M SoftDryer EVO,Q²M Accessories Collection,Bu ürün nedir?,Yıkama rutininizden sonra aracınızın kurutma sürecini güvenli ve etkili şekilde tamamlamak üzere tasarlanmış emici bir kurulama ultra-yumuşak mikrofiberidir.,What is it ?,It's an absorbent drying ultra-soft microfibre design to safely and effectively finish the drying process of your vehicle after your wash routine.,https://gyeon.zendesk.com/hc/en-us/articles/360001011398-What-is-it,360001011398
Q2M-SDE7090C,Q²M SilkDryer EVO,Q²M Accessories Collection,Ürün nasıl yıkanır/bakım görür?,"Çamaşır makinesinde, en fazla 30 °C'de Q²M TowelWash deterjanı eklenerek yıkanabilir. Tumble dry yapmayın. Ütülemeyin. Çamaşır suyu kullanmayın.",How to wash/maintain the product ?,"It can be Machine washed, at maximum 30’C with added Q²M TowelWash as detergent. Do not tumble dry. Do not iron. Do not bleach.",https://gyeon.zendesk.com/hc/en-us/articles/360001011378-How-to-wash-maintain-the-product,360001011378
Q2M-SDE7090C,Q²M SilkDryer EVO,Q²M Accessories Collection,Nasıl kullanılır?,Yıkama işleminizden sonra kalan suyu çıkarmak için aracınızın ıslak yüzeyini havlu ile silin.,How to use it ?,Wipe the surface of your wet vehicle with the towel to remove the remaining water after your wash process.,https://gyeon.zendesk.com/hc/en-us/articles/360001011358-How-to-use-it,360001011358
Q2M-SDE7090C,Q²M SilkDryer EVO,Q²M Accessories Collection,Bu ürün nedir?,Yıkama rutininizden sonra aracınızı güvenli ve etkili şekilde kurutmak üzere tasarlanmış emici bir kurulama mikrofiberidir.,What is it ?,It's an absorbent drying microfibre design to safely and effectively dry your vehicle after your wash routine.,https://gyeon.zendesk.com/hc/en-us/articles/360001011318-What-is-it,360001011318
Q2M-STE,Q²M Smoothie EVO,Q²M Accessories Collection,Ürün nasıl yıkanır/bakım görür?,Q²M Smoothie yalnızca elde (30 °C) Q²M TowelWash deterjanı eklenerek yıkanmalıdır.,How to wash/maintain the product ?,"Q²M Smoothie must be wash by hand only (30℃), with added Q²M TowelWash as detergent.",https://gyeon.zendesk.com/hc/en-us/articles/360001002557-How-to-wash-maintain-the-product,360001002557
Q2M-STE,Q²M Smoothie EVO,Q²M Accessories Collection,Nasıl kullanılır?,"Yıkama eldivenini Yıkama kovanıza batırın ve yanal hareketle panel paneline çalışın, eldiveni durulama kovanızda temizleyin — tamamlanana kadar tekrarlayın.",How to use it ?,"Soak the washmitt into your Wash bucket and work panel by panel in lateral motion, clean the washmitt in your rinse bucket - repeat till completion.",https://gyeon.zendesk.com/hc/en-us/articles/360001011098-How-to-use-it,360001011098
Q2M-STE,Q²M Smoothie EVO,Q²M Accessories Collection,Bu ürün nedir?,Yüksek emici kirletici kapasitesine sahip kaliteli bir eldiven yıkama mit'idir.,What is it ?,It's a quality glove washmitt with high absorbent pollutant capabilities.,https://gyeon.zendesk.com/hc/en-us/articles/360001002477-What-is-it,360001002477
Q2M-MFAE,Q²M MF Applicator EVO 2-pack,Q²M Accessories Collection,Bu ürünün uygulaması nedir?,"Q²M MF Applicator, kaplama uygulama sürecine yardımcı olmak üzere tasarlanmıştır.",What’s the application of this product?,Q²M MF Applicator is designed to help the coating applications process.,https://gyeon.zendesk.com/hc/en-us/articles/360000971538-What-s-the-application-of-this-product,360000971538
Q2M-BL,Q²M Wheel Brush,Q²M Accessories Collection,Nasıl kullanılır?,Fırçayı yıkama solüsyonunuza batırın ve jantlarınızın iç ve dış kısmını güvenle fırçalayın.,How to use it ?,Soak the brush in your wash solution and safely brush the inner and outer part of your wheels.,https://gyeon.zendesk.com/hc/en-us/articles/360001013418-How-to-use-it,360001013418
Q2M-BL,Q²M Wheel Brush,Q²M Accessories Collection,Ürün nasıl yıkanır/bakım görür?,Her kullanımdan sonra fırçayı durulayın.,How to wash/maintain the product ?,Rinse the brush after every use.,https://gyeon.zendesk.com/hc/en-us/articles/360001013618-How-to-wash-maintain-the-product,360001013618
Q2-FCNA400M,Q²R FabricCoat,Q²R Collection,Üründen biraz cam/boya üzerine sıktım — nasıl temizlerim?,Q²R Degrease ve Q²M BaldWipe ile birden fazla kez silin.,I sprayed some of product on windows/paint - how to remove ?,Wipe multiple time with Q²R Degrease and Q²M BaldWipe,https://gyeon.zendesk.com/hc/en-us/articles/360001038837-I-sprayed-some-of-product-on-windows-paint-how-to-remove,360001038837
Q2-FCNA400M,Q²R FabricCoat,Q²R Collection,Ürünü kullandığım yüzey yapışkan — bu normal mi?,"Hayır, yapışkan olmamalı. Q²R FabricCoat hızlı kuruyacak şekilde formüle edilmiştir. Çok yavaş kurursa (ürünü aşırı uyguladıysanız) yapışkan/tutucu olabilir. Bu durumda tekstili sıcak suya batırılmış kısa tüylü mikrofiber bezle temizleyin.",The surface where I used the product is sticky - is that normal? ,"No, it should not become sticky. Q²R FabricCoat has a formula designed to dry quickly. Once it dries very slowly (because you have overapplied the product), it might become sticky/grabby. In such case, clean the textile with a low pile microfibre soaked with hot water.",https://gyeon.zendesk.com/hc/en-us/articles/360001038817-The-surface-where-I-used-the-product-is-sticky-is-that-normal,360001038817
Q2-FCNA400M,Q²R FabricCoat,Q²R Collection,Su artık boncuklanmıyor — ne yapmalıyım?,Boncuklanma korumanın tek göstergesi değildir. Q²R FabricCoat boncuklanmasa bile yüzeyi UV ışınlarına ve renk değişikliğine karşı korur.,Water does not bead anymore – what to do ?,"Beading is not the only factor to judge protection. Even if Q²R FabricCoat does not bead, it will protect the surface against UV rays and colour change.",https://gyeon.zendesk.com/hc/en-us/articles/360001038797-Water-does-not-bead-anymore-what-to-do,360001038797
Q2-FCNA400M,Q²R FabricCoat,Q²R Collection,Bu ürünle kaplı bir araç nasıl bakım görür?,"Yalnızca normal, pH nötr şampuanlar kullanın. Tekrar kaplama yapmayı planlamıyorsanız tekstile özel temizleyicileri kullanmayın.",How to maintain a vehicle coated with that product ?,"Use only regular, ph-neutral shampoos. Do not use textile specific cleaners unless you intend to recoat.",https://gyeon.zendesk.com/hc/en-us/articles/360001038677-How-to-maintain-a-vehicle-coated-with-that-product,360001038677
Q2-FCNA400M,Q²R FabricCoat,Q²R Collection,Ürünün kuruması/kürlenmesi ne kadar sürer?,Tamamen kuruyana kadar yüzeye dokunmayın. En az 12 saat dış etkilere maruz bırakmayın.,How long does the product need to dry/cure ?,Do not touch the surface until it fully dries. Do not expose to the elements for at least 12 hours.,https://gyeon.zendesk.com/hc/en-us/articles/360001048038-How-long-does-the-product-need-to-dry-cure,360001048038
Q2-FCNA400M,Q²R FabricCoat,Q²R Collection,Birden fazla kat uygulayabilir miyim?,Evet.,Can I apply multiple layers? ,Yes,https://gyeon.zendesk.com/hc/en-us/articles/360001048018-Can-I-apply-multiple-layers,360001048018
Q2-FCNA400M,Q²R FabricCoat,Q²R Collection,Ne kadar dayanır?,Q²R FabricCoat 3 aya kadar dayanır.,How long will it last ?,Q²R FabricCoat last up to 3 months,https://gyeon.zendesk.com/hc/en-us/articles/360001047998-How-long-will-it-last,360001047998
Q2-FCNA400M,Q²R FabricCoat,Q²R Collection,Nereye uygulanır?,"Bu kaplama, açılır soft top'lar ve Alcantara dahil her tür kumaş için tasarlanmıştır.",Where to apply ?,"This coating is designed for all types of fabrics, including convertible soft tops and Alcantara.",https://gyeon.zendesk.com/hc/en-us/articles/360001047978-Where-to-apply,360001047978
Q2-FCNA400M,Q²R FabricCoat,Q²R Collection,Nasıl uygulanır?,Q²R FabricCoat'u yalnızca temiz ve tamamen kuru bir yüzeye uygulayın. Zor çıkan overspray'i önlemek için çevredeki elemanları maskeleyin. Ürünü her zaman Q²M LeatherBrush ile silerek eşit bir bitiş oluşturun ve emilimi destekleyin. Aşırı dozdan kaçının. 1 kalın kat yerine 2 ince kat uygulamanızı öneririz.,How to apply ?,Apply Q²R FabricCoat only on a clean and completely dry surface. Mask the elements around to avoid hardly removable overspray. Always wipe the product with Q²M LeatherBrush to create an even finish and agitate the absorption. Do not overdose. We recommend to apply 2 thin layers instead of 1 thick.,https://gyeon.zendesk.com/hc/en-us/articles/360001047958-How-to-apply,360001047958
Q2-FCNA400M,Q²R FabricCoat,Q²R Collection,Bu ürün nedir?,"Q²R FabricCoat, gelişmiş kuvars bazlı, yüksek hidrofobiklik özelliği olan bir kumaş koruyucudur.",What is it ?,"Q²R FabricCoat is an advanced quartz-based, highly hydrophobic fabric protectant.",https://gyeon.zendesk.com/hc/en-us/articles/360001047918-What-is-it,360001047918
Q2M-TRC500M,Q²R VinylCleaner,Q²R Collection,Solüsyonu agite etmem gerekir mi?,Bu solüsyon mikrofiber veya fırça yardımıyla silme hareketi gerektirir.,Do I need to agitate the solution ?,This solution requires swiping motion with aid of a microfibre or a brush.,https://gyeon.zendesk.com/hc/en-us/articles/360001038257-Do-I-need-to-agitate-the-solution,360001038257
Q2M-TRC500M,Q²R VinylCleaner,Q²R Collection,Q²R VinylCleaner boyama veya kaplamama zarar verir/değiştirir mi?,Hayır.,Will Q²R VinylCleaner will damage/alter my paint work or coating ?,No,https://gyeon.zendesk.com/hc/en-us/articles/360001038237-Will-Q-R-VinylCleaner-will-damage-alter-my-paint-work-or-coating,360001038237
Q2M-TRC500M,Q²R VinylCleaner,Q²R Collection,Açıldıktan sonra ürün nasıl saklanır? Raf ömrü ne kadardır?,"Sprey başlığını kapalı konumda sabitleyin. Kuru, karanlık ve serin bir yerde saklayın. Donmasına izin vermeyin, güneş ışığına maruz bırakmayın.",How to store the product after use? What is the shelf life once opened?,"Secure the sprayer in a closed position. Store it in a dry, dark and cool place. Do not allow to freeze, do not expose to sunlight.",https://gyeon.zendesk.com/hc/en-us/articles/360001047618-How-to-store-the-product-after-use-What-is-the-shelf-life-once-opened,360001047618
Q2M-TRC500M,Q²R VinylCleaner,Q²R Collection,Nereye uygulanır?,"Bu solüsyon, deniz aracınızın her plastik yüzeyine uygulanmak üzere tasarlanmıştır.",Where to apply ?,This solution is designed to be applied on every plastic surface of your seacraft,https://gyeon.zendesk.com/hc/en-us/articles/360001047438-Where-to-apply,360001047438
Q2M-TRC500M,Q²R VinylCleaner,Q²R Collection,Nasıl kullanılır?,İç trim için günlük silim olarak Q²M BaldWipe üzerine kullanın. Kauçuk veya dış trim için temizliği artırmak adına fırça ile agite edip bekletin.,How to use it ?,Use on the Q²M BaldWipe for a daily wipe on interior trim. Agitate with a brush and let dwell on rubber or exterior trim to enhance the cleaning,https://gyeon.zendesk.com/hc/en-us/articles/360001047298-How-to-use-it,360001047298
Q2M-TRC500M,Q²R VinylCleaner,Q²R Collection,Bu ürün nedir?,Q²R VinylCleaner bir bakım ve plastik temizleyicidir.,What is it ?,Q²R VinylCleaner is maintenance and plastic cleaner.,https://gyeon.zendesk.com/hc/en-us/articles/360001047258-What-is-it,360001047258
