main_cat,sub_cat,sub_cat2
AKSESUAR,Fırçalar,
AKSESUAR,Fırçalar,Detay Fırçaları
AKSESUAR,Fırçalar,Jant-Lastik Fırçaları
AKSESUAR,Kil Ürünleri,Kil Disk-Bez-Eldiven
AKSESUAR,Kil Ürünleri,Kil Hamurları
AKSESUAR,Maskeleme Bantları,
AKSESUAR,Mikrofiber Ürünler,Kurulama Havluları
AKSESUAR,Mikrofiber Ürünler,Silme Bezleri
AKSESUAR,Mikrofiber Ürünler,Yıkama Eldivenleri ve Süngerleri
AKSESUAR,Mikrofiber Ürünler,Yıkama Eldivenleri/Süngerleri
AKSESUAR,"PPF, Cam Filmi Aparatları",
AKSESUAR,Polisaj Pedleri ve Keçeler,Keçeler
AKSESUAR,Polisaj Pedleri ve Keçeler,Orbital Süngerler
AKSESUAR,Polisaj Pedleri ve Keçeler,Rotary Süngerler
AKSESUAR,Taşıyıcılar-Koruyucular,Koruyucular
AKSESUAR,Uygulama Aplikatörleri,
AKSESUAR,Şişeler ve Basınçlı Pompalar,Basınçlı Pompalar
AKSESUAR,Şişeler ve Basınçlı Pompalar,Biberonlar
AKSESUAR,Şişeler ve Basınçlı Pompalar,Püskürtücü Başlıklar
AKSESUAR,Şişeler ve Basınçlı Pompalar,Sprey Şişeler
DIŞ YÜZEY,Boya Koruma Ürünleri,Boya Korumalar
DIŞ YÜZEY,Boya Koruma Ürünleri,Durulama Cilaları
DIŞ YÜZEY,Boya Koruma Ürünleri,Wax ve Sprey Cilalar
DIŞ YÜZEY,Metal ve Krom Parlatıcılar,
DIŞ YÜZEY,PPF Kaplama Ürünleri,PPF Koruyucular
DIŞ YÜZEY,PPF Kaplama Ürünleri,PPF Seramiği
DIŞ YÜZEY,PPF Kaplama Ürünleri,PPF Şampuanları
DIŞ YÜZEY,Pasta Cila Ürünleri,Hare Gidericiler
DIŞ YÜZEY,Pasta Cila Ürünleri,Kalın Pastalar
DIŞ YÜZEY,Pasta Cila Ürünleri,İnce Pastalar
DIŞ YÜZEY,Seramik Kaplama Ürünleri,Cam Seramiği
DIŞ YÜZEY,Seramik Kaplama Ürünleri,Jant Seramiği
DIŞ YÜZEY,Seramik Kaplama Ürünleri,Lastik Seramiği
DIŞ YÜZEY,Seramik Kaplama Ürünleri,Plastik Seramiği
DIŞ YÜZEY,Seramik Kaplama Ürünleri,Seramik Kaplamalar
DIŞ YÜZEY,Yüzey Hazırlık ve Temizleyiciler,Boyalı Yüzey Temizleyiciler
DIŞ YÜZEY,Yüzey Hazırlık ve Temizleyiciler,Cam Temizleyici ve Koruyucular
DIŞ YÜZEY,Yüzey Hazırlık ve Temizleyiciler,Jant Temizleyici ve Koruyucular
DIŞ YÜZEY,Yüzey Hazırlık ve Temizleyiciler,Lastik Temizleyici ve Koruyucular
DIŞ YÜZEY,Yıkama Ürünleri,Fırçalı-Fırçasız Köpükler
DIŞ YÜZEY,Yıkama Ürünleri,Nötr PH Şampuanlar
DIŞ YÜZEY,Yıkama Ürünleri,Ön Yıkama Şampuanları
ENDÜSTRİYEL,,
MAKİNE-EKİPMAN,Aydınlatma Ürünleri,
MAKİNE-EKİPMAN,Hava Tabancaları,
MAKİNE-EKİPMAN,Köpük Yapıcılar,
MAKİNE-EKİPMAN,Ped Destek Diskleri Tabanlıklar,
MAKİNE-EKİPMAN,Polisaj Makineleri,Kablosuz Makineler
MAKİNE-EKİPMAN,Polisaj Makineleri,Orbital Makineler
MAKİNE-EKİPMAN,Polisaj Makineleri,Rotary Makineler
MAKİNE-EKİPMAN,Polisaj Makineleri,Uzatma Aparatları
MAKİNE-EKİPMAN,Süpürgeler,
MAKİNE-EKİPMAN,Taşıyıcılar-Koruyucular,Koruyucular
MAKİNE-EKİPMAN,Taşıyıcılar-Koruyucular,Taşıyıcılar
MAKİNE-EKİPMAN,Tornadorlar,
MAKİNE-EKİPMAN,Yedek Parçalar,
MAKİNE-EKİPMAN,Zımpara Makineleri,
MARİN,Pasta Cila Ürünleri,
MARİN,Temizlik Ürünleri,Genel Kullanım
MARİN,Temizlik Ürünleri,Yağ-Kir çözücüler
İÇ YÜZEY,Araç Parfümleri,Asma Kokular
İÇ YÜZEY,Araç Parfümleri,Petek Kokular
İÇ YÜZEY,Araç Parfümleri,Sprey Kokular
İÇ YÜZEY,Deri Temizlik ve Bakım Ürünleri,Deri Bakım Ürünleri
İÇ YÜZEY,Deri Temizlik ve Bakım Ürünleri,Deri Temizlik Ürünleri
İÇ YÜZEY,Deri Temizlik ve Bakım Ürünleri,Seramik Bazlı Koruyucular
İÇ YÜZEY,Detaylı Temizlik ve Bakım Ürünleri,Genel Temizleyiciler
İÇ YÜZEY,Detaylı Temizlik ve Bakım Ürünleri,Kumaş Koruyucular
İÇ YÜZEY,Detaylı Temizlik ve Bakım Ürünleri,Kumaş Temizleyiciler
İÇ YÜZEY,Koku Gidericiler,
İÇ YÜZEY,Koku Gidericiler,Gazlı Sprey
İÇ YÜZEY,Koku Gidericiler,Sıvı Sprey Başlıklı
İÇ YÜZEY,Plastik Temizlik ve Bakım Ürünleri,Plastik Bakım Ürünleri
İÇ YÜZEY,Plastik Temizlik ve Bakım Ürünleri,Plastik Temizlik Ürünleri
İÇ YÜZEY,Ürün Setleri,
