Urun Adi;Marka;SKU;Toplam Satis Adedi;Barkod
Gyeon Q²m SilkDryer Evo Inovatif Kurulama Havlusu - 70X90 cm;Gyeon;Q2M-SDE7090C;444;8809432671480
Gyeon Q²m WetCoat Nano Boya Koruma ve Seramik Sprey Hızlı Cila - 1000 ml - Su Itici Parlak Islak ;Gyeon;Q2M-WYA1000M;261;8683492661441
Gyeon Tire Applicator Lastik Parlatıcı Sünger Büyük Boy 2'li Paket;Gyeon;Q2M-TA2P;212;8809432670988
Gyeon Q²m Bathe+ Plus Seramik Bazlı Ph Nötr Cilalı Oto Şampuanı 500 ml -Su Itici Araç Yıkama;Gyeon;Q2M-BPYA500M;196;8809973751603
Menzerna One Step Polish 3in1 Hepsi Bir Arada Pasta Cila 250ml;Menzerna;22748.281.001;181;4260063010958
Gyeon Q²m Wetcoat Nano Boya Koruma ve Seramik Sprey Hızlı Cila - 500 ml -Su Itici Parlak Islak Ci;Gyeon;Q2M-WYA500M;162;8683492661465
Gyeon Q²m Softwipe Evo Lazer Kesim Peluş Cila Bezi - 40X40 cm;Gyeon;Q2M-SWE4040C;156;8809432671374
Gyeon Q²m Ppf Wash Ppf Folyo Kaplı Araçlara Özel Yıkama Şampuanı - 500 ml -Demir Tozu Söküc;Gyeon;Q2M-PPFW500M;156;8809973751665
Gyeon Q2M Waffle Dryer Kurulama Bezi 40 x 60 cm;Gyeon;Q2M-WD4060C;146;8809432676201
IK FOAM PRO 2 KÖPÜK Yapıcı Kimyasal Dayanımlı Basınçlı Pompa 2 Litre;İK Sprayers;81676;140;8414685102089
Gyeon Q²m Silkdryer Evo Inovatif Kurulama Havlusu -50X55;Gyeon;Q2M-SDE5055C;136;8809432671473
Gyeon Q²m Waffle Dryer Petek Dokulu Cam Silme Bezi ve Yüzey Kurulama Havlusu - 40X40 cm;Gyeon;Q2M-WD4040C;135;8809432676195
Gyeon Q²m Ppf Maintain Redefıned Ppf Folyo Bakım ve Koruma Cilası - 500 ml -Seramik Sprey Wax;Gyeon;Q2M-PPFMR500M;134;8809973751658
Fra-Ber Bersolux Cilalı Köpüklü Manuel Araç Yıkama Şampuanı - 1000 ml;Fra-Ber;70778;129;8027486810604
Gyeon Q²m Smoothie Evo Mikrofiber Araç Yıkama Eldiveni;Gyeon;Q2M-STE;122;8809432674856
Gyeon Q²m Bathe Ph Nötr Cilalı Oto Şampuanı - 500 ml -Yüksek Konsantre Jel Araç Yıkama Köp;Gyeon;Q2M-BYA500M;114;8809973751580
Gyeon Q²m Preserve Iç Dış Plastik Trim Yenileyici ve Koruyucu - 250 ml -Mat Görünüm Plastik O;Gyeon;Q2M-PRYA250M;108;8683492661472
GYEON Q2M Scrubpad Evo Deri ve Plastikler İçin Çift Taraflı Temizlik Aplikatörü;Gyeon;Q2M-SPE;105;8809432676225
Gyeon Q²m Iron Demir Tozu, Balata Tozu Temizleyici ve Pas Sökücü Ph Nötr - 500 ml;Gyeon;Q2M-IR500M;101;8683492661021
Epoca 2000 Profesyonel Kimyasal Dayanımlı Basınçlı Pompa 2 Litre - Kırmızı/beyaz (Nbr);Epoca;20102;95;8003916130085
Gyeon Q²m Polishwipe Evo Lazer Kesim Çift Yönlü Cila Bezi - 40X40 cm;Gyeon;Q2M-PWE4040C;90;8809432671442
Gyeon Q²m Foam Araç Ön Yıkama Şampuanı Konsantre - 1000 ml - Yoğun Köpüklü Prewash Snow Fo;Gyeon;Q2M-FYA1000M;81;8683492661243
Gyeon Q²m Interiordetailer Araç Içi Temizleyici - 1000 ml -Alkol Bazlı Dezenfektan;Gyeon;Q2M-IDYA1000M;77;8683492661281
Gyeon Q²m Waterspot Kireç Çözücü Cam Su Lekesi Temizleyici Çıkarıcı - 1000 ml;Gyeon;Q2M-WSYA1000M;76;8683492661434
Gyeon Q²m Glasswipe Evo Cam Temizlik Bezi - 40X40 cm;Gyeon;Q2M-GWE4040;70;8809432675709
"Gyeon Q²m Interiorwipe 
evo Iç Yüzey Detaylı Temizlik Bezi 2'li Paket - 40X40 cm";Gyeon;Q2M-IWE40402P;70;8809432675730
Gyeon Q²m Interiordetailer Araç Içi Temizleyici - 500 ml -Alkol Bazlı Dezenfektan;Gyeon;Q2M-IDYA500M;68;8683492661304
Gyeon Q²m Bathe+ Plus Seramik Bazlı Ph Nötr Cilalı Oto Şampuanı 1000 ml -Su Itici Araç Yıkam;Gyeon;Q2M-BPYA1000M;68;8683492661120
İK Sprayers Ik Foam Pro 2+ Köpük Yapıcı Hava Kompresör Bağlantılı Kimyasal Dayanımlı Bas;İK Sprayers;81678;68;8414685102188
Epoca EP01 Alkali ve Alkol Dayanımlı El Tipi Sprey Şişe 1 Litre;Epoca;12922;67;8003916110445
Gyeon Q²m Bug&grime Araç Sinek Böcek Leke Temizleyici - 1000 ml;Gyeon;Q2M-BGYA1000M;67;8683492661175
Gyeon Q²m Interiorpack Evo Iç Aksam Mikrofiber Detaylı Temizlik Bezi Seti 4'lü Paket - 40X40 cm;Gyeon;Q2M-IPE4P;66;8809432675747
Gyeon Q²m Iron Wheelcleaner Redefıned Jant Temizleyici Demir Tozu Balata Tozu Çözücü - 1000 ml;Gyeon;Q2M-IWCR1000M;66;8683492661069
Menzerna P150M Sarı İnce Pasta ve Hare Giderici Süngeri 150mm;Menzerna;26900.223.003;61;4260063011610
Gyeon Q²m CeramicDetailer Seramik Yüzey Detaylandırıcı ve Parlatıcı - 500 ml - Su Itici Oto C;Gyeon;Q2M-CDYA500M;60;8809973751634
Little Joe Kurutma Makinesi Orkide Koku Kapsülü 2'li Paket (Blooming Orchid) -40 Kurutma;Little Joe;TF1138;58;7640186840118
Menzerna Cream Tube Metal Polish Metal Parlatıcı 125 Gr;Menzerna;23003.391.001;58;4260063011269
Gyeon Q²m Tire Express Lastik Parlatıcı ve Koruyucu - 500 ml -Su Bazlı Jel Oto Lastik Cilası;Gyeon;Q2M-TE500M;58;8809973751566
Menzerna 3000 Final Finish Hare Giderici Cila 250 ml;Menzerna;22029.281.001;56;4260063010835
Menzerna 2500 Medium Cut Polish Orta Der. Çizik Gid. Pasta 250ml;Menzerna;22828.281.001;53;4260063010828
Gyeon Q2M Leather Brush;Gyeon;Q2M-LB;50;8809432678540
Fra-Ber Pulitutto Deri, Kumaş ve Plastik Temizleyici Köpük - 1000 ml;Fra-Ber;701285;50;8027486816811
Gyeon Q² Leather Coat Redefıned Deri Yüzeyler Için Bakım ve Koruma - 400 ml;Gyeon;Q2-LCR500M;50;8809973751542
Menzerna Ceramic Spray Sealant Seramik Içerikli Sprey Boya Koruyucu Cila - 500 ml;Menzerna;26919.271.001;49;4260063019128
Gyeon Q²m Glasspack Evo Cam Yüzey Temizlik ve Silme Mikrofiber Bezi Seti 2'lü Paket - 40X40 cm;Gyeon;Q2M-GPE2P;47;8809432675716
Klın Softy Hd Wash Mitt Ultra Yumuşak Uzun Tüylü Mikrofiber Araç Yıkama Eldiveni (Açık Bej) ;Klin;3227I-HD;46;8809512170841
Gyeon Quartz Gyeon Q² Tire Lastik Parlatıcı Ve Koruyucu Jel - 500 Ml -Seramik Bazlı Lastik Teker;Gyeon;Q2-TYA500M;45;8809973751559
Gyeon Q²m Glass+ Plus Araç Cam Yağmur Kaydırıcı Su Itici ve Temizleyici - 500 ml -Hidrofobik P;Gyeon;Q2M-GPYA500M;43;8683492661274
Klın Drying Duo Çift Taraflı Kurulama Havlusu 1200 Gsm (Lacivert) - 70X45CM;Klin;3213MN;43;8809512170315
İK Sprayers Ik Multı Tr Mını 360 Derece Her Yönden Atımlı Kimyasal Dayanımlı Sprey Şişe 6;İK Sprayers;84173;42;8414685000521
Gyeon Tirebrush Dayanıklı Lastik/davlumbaz Temizlik Fırçası;Gyeon;Q2M-TB;41;8809432670995
Gyeon Q²m Wetcoat Nano Boya Koruma ve Seramik Sprey Hızlı Cila - 4000 ml -Su Itici Parlak Islak C;Gyeon;Q2M-WCYA4000M;41;8683492661458
Gyeon Q²m Baldwipe Evo Lazer Kesim Tüysüz Çok Amaçlı Mikrofiber Bez - 40X40 cm;Gyeon;Q2M-BWE4040;40;8809432671381
Gyeon Q²m Iron Wheelcleaner Redefıned Jant Temizleyici Demir Tozu Balata Tozu Çözücü - 500 ml;Gyeon;Q2M-IWCR500M;40;8683492661052
Epoca A-Type Pro Alkali ve Alkol Dayanımlı Basınçlı Pompa 1.8 Litre;Epoca;18810;39;8003916066360
Gyeon Q²m Quickdetailer Seramik Bazlı Parlatıcı Yüzey Detaylandırıcı - 500 ml -Leke Giderici;Gyeon;Q2M-QDYA500M;38;8809973751641
Gyeon Q2M Ppf Renew 120 ml;Gyeon;Q2M-PPR120M;37;8809432674603
Gyeon Q²m Ceramicdetailer Seramik Yüzey Detaylandırıcı ve Parlatıcı - 1000 ml -Su Itici Oto C;Gyeon;Q2M-CDYA1000M;37;8683492661182
Gyeon Q² Leather Shield Evo Deri Aksamlar Için Koruyucu Seramik Kaplama - 50 ml;Gyeon;Q2-LSE50M;37;8809432677574
Gyeon Q²m Clay Lube Redefıned Kil Kaydırıcı Yoğun Konsantre - 500 ml;Gyeon;Q2M-CLR500M;36;8683492661090
Menzerna 3800 Super Finish Hare Giderici Cila 250ml;Menzerna;22992.281.001;36;4260063010545
Gyeon Q²m Bug&grime Araç Sinek Böcek Leke Temizleyici - 500 ml;Gyeon;Q2M-BGYA500M;35;8809973751573
Klın Wash Mitt Mikrofiber Araç Yıkama Eldiveni (Kırmızı) - 20X18 cm;Klin;3221A-RD;35;8683492660963
Epoca Tınt Tec 10 Ppf Folyo Cam Filmi Uygulamaları Için Basınçlı Pompa 10 Litre - Siyah/beyaz;Epoca;123456;35;8003916067343
Gyeon Q²m Bathe Ph Nötr Cilalı Oto Şampuanı - 1000 ml -Yüksek Konsantre Jel Araç Yıkama Köp;Gyeon;Q2M-BYA1000M;34;8683492661168
IK MULTI PRO 2 Kimyasal ve Asit Dayanımlı Basınçlı Pompa 2 Litre;İK Sprayers;81671;33;8414685102072
Gyeon Q²m Leather Cleaner Natural Modern Napa Yarı Anilin Derilere Özel Temizleyici - 500 ml;Gyeon;Q2M-LCN500M;32;8809432677802
Gyeon Q²m Tire Cleaner Araç Lastik Kauçuk Temizleyici - 1000 ml -Güçlü Oto Teker Temizleyici;Gyeon;Q2M-TCYA1000M;32;8683492661403
Gyeon Q2M Washpad;Gyeon;Q2M-WP;32;8809432671053
Menzerna Sealing Wax Protect Boya Koruma Cilası 250ml;Menzerna;22870.281.001;31;4260063010569
Gyeon Q²m Apc Çok Amaçlı Genel Yüzey Temizleyici - 1000 ml -Konsantre Leke Çıkarıcı Yağ Ç;Gyeon;Q2M-APYA1000M;31;8683492661144
Gyeon Q²m Towelwash Mikrofiber Bez Havlu Eldiven Keçe Ped Yıkama Şampuanı - 500 ml;Gyeon;Q2M-TWYA500M;31;8683492661427
Epoca EP10 360° Derece Kimyasal Dayanımlı El Tipi Sprey Şişe 600 ml;Epoca;13724;30;8003916100330
Little Joe Kurutma Makinesi Vanilya Koku Kapsülü 2'li Paket (Vanilla Blossom) -40 Kurutma;Little Joe;TF0137;30;7640186840101
Gyeon Q2M Water Spot Su Lekesi Giderici – 500ml;Gyeon;Q2M-WSYA500M;30;8809432671800
Klın Wash Mitt Mikrofiber Araç Yıkama Eldiveni (Mavi) - 20X18 cm;Klin;3221A-BL;30;8683492660963
Little Joe Kurutma Makinesi Lavanta Koku Kapsülü 2'li Paket (Fresh Lavender) -40 Kurutma;Little Joe;TF2136;28;76401868400952
Epoca A-Type 0.6 Kimyasal Dayanımlı El Tipi Sprey Şişe 600 ml - Beyaz/siyah (Nbr);Epoca;24952;28;8003916040933
Gyeon Q²m Leathercleaner Strong Güçlü Deri Temizleyici - 500 ml -Mat Görünüm Deri Koltuk Temi;Gyeon;Q2M-LCSYA500M;28;8683492661335
Gyeon Q²m Iron Demir Tozu, Balata Tozu Temizleyici ve Pas Sökücü Ph Nötr - 1000 ml;Gyeon;Q2M-IR1000M;28;8683492661038
Gyeon Q²m Quickdetailer Seramik Bazlı Parlatıcı Yüzey Detaylandırıcı - 1000 ml -Leke Gideric;Gyeon;Q2M-QDYA1000M;27;8683492661380
Gyeon Q²m Glass+ Plus Araç Cam Yağmur Kaydırıcı Su Itici ve Temizleyici - 1000 ml -Hidrofobik ;Gyeon;Q2M-GPYA1000M;27;8683492661267
Fra-Ber Brillant Plastik Vinil Ahşap Için Koruyucu Cila;Fra-Ber;74598;26;8027486744916
Menzerna 1000 Heavy Cut Compoud Çizik Çıkarıcı Pasta 250 ml;Menzerna;22984.281.001;26;4262517330865
FRA-BER DOUBLE SKIN 600 ML (DÖŞEME KORUYUCU);Fra-Ber;75277;26;8027486751433
Gyeon Q² Leather Coat Redefıned Deri Yüzeyler Için Bakım ve Koruma - 120 ml;Gyeon;Q2-LCR120M;26;8809432671910
Gyeon Q²m Eco Wash Seramik Katkılı Susuz Yıkama Yüzey Temizleyici ve Parlatıcı Cila - 1000 ml;Gyeon;Q2M-EW1000M;26;8809432677833
Fra-Ber Brilliant Drakar Antistatik Konsol ve Iç Plastik Temizleyici Parlatıcı Parfümlü - 600 m;Fra-Ber;70894;25;8027486708949
İK Sprayers Ik Multı Tr 1 Alkali ve Alkol Dayanımlı Sprey Şişe 1 Litre;İK Sprayers;84170;25;8414685000477
Innovacar Araç Yıkama Kovası Seti 20 Lt Siyah (Süzgeç + Vidalı Kapak) - Wash Bucket, Grit Guar;Innovacar;79472;25;8683489681049
Gyeon Q²m Leatherset Strong Güçlü Deri Temizlik ve Bakım Seti (5 Parça) - 200 ml;Gyeon;Q2M-LSSYA200M;25;8683492661342
Menzerna Power Gloss 1000 - Çizik Çıkarıcı Pasta 1 KG;Menzerna;22984.260.001;24;4262517330902
Gyeon Q2 Can Coat Evo 200 ml;Gyeon;Q2-CCE200M;24;8809432670278
Fra-Ber Kimyasal Dayanıklı Ölçekli Ithal Sprey Başlıklı Şişe (Siyahl) - 1000 ml;Fra-Ber;79588-644;23;8683489680820
Gyeon Q²m Leather Cleaner Natural Modern Napa Yarı Anilin Derilere Özel Temizleyici - 1000 ml;Gyeon;Q2M-LCN1000M;23;8809432677819
Gyeon Q²m Leathercleaner Strong Güçlü Deri Temizleyici - 1000 ml -Mat Görünüm Deri Koltuk Tem;Gyeon;Q2M-LCSYA1000M;23;8683492661328
Gyeon Q²m Tire Express Lastik Parlatıcı ve Koruyucu - 1000 ml -Su Bazlı Jel Oto Lastik Cilası;Gyeon;Q2M-TEYA1000M;23;8683492661410
Gyeon Q²m Restartwash Seramik Kaplama Ppf Yenileyici Asidik Şampuan - 1000 ml -Konsantre;Gyeon;Q2M-RWYA1000M;23;8683492661397
Menzerna One Step Polish 3 in 1 Hepsi Bir Arada Pasta-Cila 1 Lt;Menzerna;22748.261.001;23;4260063010965
Sgcb Cam Filmi Ppf Folyo Çekme Aparatları Kiti 6 Parça - Tpu Mıknatıslı;Sgcb;SGPM014;22;6973086165410
Gyeon Q²m Cure Matte Redefined Mat Boyalı Ppf Kaplı Araçlara Özel Koruyucu Bakım Spreyi - 500 ;Gyeon;Q2M-CMR500M;22;8809973751627
